{
  "statistics": {
    "torino_20k": {
      "total_shots": 20000,
      "n_unique": 20000,
      "unique_pct": 100.0,
      "H_bits": 14.287712379520597,
      "H_max": 14.287712379549449,
      "H_norm": 0.9999999999979807,
      "epsilon": 0.020999999999999908,
      "epsilon_stderr": 0.007069508469476502,
      "W_mean_raw": 19.0049,
      "W_std_raw": 4.147273319905501,
      "W_stderr_raw": 0.02932565087939226,
      "W_mean_frac": 0.15203919999999999,
      "W_stderr_frac": 0.00023460520703513806,
      "per_qubit_p1": [
        0.13615,
        0.15875,
        0.10895,
        0.11445,
        0.1092,
        0.10075,
        0.149,
        0.0634,
        0.2736,
        0.13535,
        0.1654,
        0.14675,
        0.0956,
        0.09675,
        0.14505,
        0.15935,
        0.09355,
        0.10245,
        0.027,
        0.10235,
        0.08785,
        0.21085,
        0.25305,
        0.04925,
        0.12505,
        0.14625,
        0.1405,
        0.07635,
        0.1089,
        0.0468,
        0.1149,
        0.09435,
        0.1914,
        0.09245,
        0.00645,
        0.18505,
        0.0992,
        0.25405,
        0.02965,
        0.2121,
        0.18315,
        0.1248,
        0.14995,
        0.14585,
        0.13835,
        0.1406,
        0.1168,
        0.53735,
        0.11965,
        0.11305,
        0.15195,
        0.2609,
        0.1366,
        0.1479,
        0.07225,
        0.08015,
        0.18115,
        0.04945,
        0.026,
        0.19925,
        0.13305,
        0.09585,
        0.097,
        0.1234,
        0.11225,
        0.1776,
        0.206,
        0.42515,
        0.02975,
        0.13125,
        0.2207,
        0.1225,
        0.07835,
        0.06565,
        0.03375,
        0.10735,
        0.0431,
        0.0842,
        0.3072,
        0.0841,
        0.08425,
        0.03635,
        0.17585,
        0.05245,
        0.0752,
        0.128,
        0.018,
        0.3,
        0.24035,
        0.11585,
        0.1044,
        0.1156,
        0.02035,
        0.10395,
        0.15595,
        0.14495,
        0.0663,
        0.0094,
        0.07045,
        0.0793,
        0.48605,
        0.41625,
        0.23185,
        0.3565,
        0.30995,
        0.33895,
        0.3043,
        0.22135,
        0.2042,
        0.2736,
        0.34815,
        0.23735,
        0.2183,
        0.1418,
        0.1426,
        0.1846,
        0.2654,
        0.0572,
        0.2108,
        0.1331,
        0.17555,
        0.2327,
        0.40065,
        0.16705,
        0.08805
      ],
      "n_dead": 3,
      "dead_indices": [
        34,
        86,
        97
      ],
      "p_m": 0.50255,
      "p_m_stderr": 0.0035354879260153047,
      "p_n": 0.49265,
      "p_n_stderr": 0.0035351518885332212
    },
    "torino_50k": {
      "total_shots": 50000,
      "n_unique": 50000,
      "unique_pct": 100.0,
      "H_bits": 15.609640474364674,
      "H_max": 15.609640474436812,
      "H_norm": 0.9999999999953786,
      "epsilon": -0.00539999999999996,
      "epsilon_stderr": 0.004472070750782013,
      "W_mean_raw": 19.1959,
      "W_std_raw": 4.11005148264593,
      "W_stderr_raw": 0.018380709012440193,
      "W_mean_frac": 0.15356720000000001,
      "W_stderr_frac": 0.00014704567209952154,
      "per_qubit_p1": [
        0.3112,
        0.06682,
        0.28212,
        0.20218,
        0.11926,
        0.26584,
        0.16798,
        0.22108,
        0.08138,
        0.05304,
        0.0079,
        0.28152,
        0.12216,
        0.05834,
        0.1507,
        0.1672,
        0.1282,
        0.2071,
        0.14238,
        0.1274,
        0.16074,
        0.0869,
        0.09418,
        0.10698,
        0.11274,
        0.12388,
        0.10376,
        0.13096,
        0.11324,
        0.08744,
        0.0761,
        0.05914,
        0.13318,
        0.06994,
        0.07408,
        0.2157,
        0.07236,
        0.11266,
        0.2428,
        0.043,
        0.10148,
        0.3951,
        0.34522,
        0.05898,
        0.09738,
        0.08764,
        0.07842,
        0.03762,
        0.1663,
        0.11694,
        0.08816,
        0.00686,
        0.23502,
        0.16168,
        0.12548,
        0.1044,
        0.16496,
        0.09032,
        0.1379,
        0.12142,
        0.03126,
        0.18278,
        0.17124,
        0.01826,
        0.33116,
        0.09736,
        0.148,
        0.03736,
        0.02898,
        0.12266,
        0.1771,
        0.46632,
        0.15088,
        0.05482,
        0.08994,
        0.15584,
        0.0281,
        0.22648,
        0.1058,
        0.11476,
        0.26778,
        0.13088,
        0.16062,
        0.10724,
        0.10254,
        0.11302,
        0.05754,
        0.11786,
        0.09226,
        0.16478,
        0.05728,
        0.0712,
        0.07884,
        0.02072,
        0.09402,
        0.10128,
        0.07658,
        0.03368,
        0.14714,
        0.10644,
        0.54322,
        0.51078,
        0.41612,
        0.33834,
        0.30558,
        0.42174,
        0.37482,
        0.24578,
        0.3166,
        0.1213,
        0.2927,
        0.22866,
        0.22514,
        0.10358,
        0.15966,
        0.091,
        0.21166,
        0.11034,
        0.15654,
        0.23994,
        0.15482,
        0.1902,
        0.11296,
        0.3033,
        0.07546
      ],
      "n_dead": 3,
      "dead_indices": [
        10,
        51,
        63
      ],
      "p_m": 0.52982,
      "p_m_stderr": 0.002232087666737129,
      "p_n": 0.47914,
      "p_n_stderr": 0.002234121126528282
    },
    "marrakesh_20k": {
      "total_shots": 20000,
      "n_unique": 19999,
      "unique_pct": 99.995,
      "H_bits": 14.2876123795206,
      "H_max": 14.287640242993977,
      "H_norm": 0.999998049819781,
      "epsilon": -0.005499999999999949,
      "epsilon_stderr": 0.007070960861156001,
      "W_mean_raw": 10.11015,
      "W_std_raw": 2.998102229327746,
      "W_stderr_raw": 0.02119978417048155,
      "W_mean_frac": 0.0808812,
      "W_stderr_frac": 0.00016959827336385239,