{
  "ORIG Torino 50k": {
    "shots": 50000,
    "unique": 50000,
    "H_norm": 1.0,
    "epsilon": -0.0054,
    "W_mean": 0.153567,
    "n_dead": 3,
    "dead_idx": [
      10,
      51,
      63
    ],
    "P_m1": 0.5298,
    "P_n1": 0.4791,
    "p1_mean": 0.153567,
    "p1_std": 0.104996,
    "collisions": 0
  },
  "ORIG Marrakesh 50k": {
    "shots": 50000,
    "unique": 49986,
    "H_norm": 0.99999,
    "epsilon": -0.00248,
    "W_mean": 0.07465,
    "n_dead": 31,
    "dead_idx": [
      17,
      18,
      19,
      23,
      26,
      41,
      42,
      46,
      49,
      50,
      54,
      55,
      59,
      66,
      70,
      71,
      72,
      73,
      74,
      75,
      76,
      80,
      81,
      82,
      85,
      87,
      90,
      93,
      94,
      95,
      96
    ],
    "P_m1": 0.4889,
    "P_n1": 0.452,
    "p1_mean": 0.07465,
    "p1_std": 0.090714,
    "collisions": 14
  },
  "ABL#1 random_ctrl (Torino)": {
    "shots": 50000,
    "unique": 50000,
    "H_norm": 1.0,
    "epsilon": -0.00124,
    "W_mean": 0.230849,
    "n_dead": 0,
    "dead_idx": [],
    "P_m1": null,
    "P_n1": null,
    "p1_mean": 0.230849,
    "p1_std": 0.119108,
    "collisions": 0
  },
  "ABL#1 random_ctrl (Marrakesh)": {
    "shots": 50000,
    "unique": 49982,
    "H_norm": 0.999987,
    "epsilon": -0.00048,
    "W_mean": 0.084622,
    "n_dead": 8,
    "dead_idx": [
      0,
      14,
      24,
      44,
      65,
      80,
      106,
      116
    ],
    "P_m1": null,
    "P_n1": null,
    "p1_mean": 0.084622,
    "p1_std": 0.072595,
    "collisions": 18
  },
  "ABL#2 no_corrections (Torino)": {
    "shots": 50000,
    "unique": 50000,
    "H_norm": 1.0,
    "epsilon": 0.00436,
    "W_mean": 0.204743,
    "n_dead": 0,
    "dead_idx": [],
    "P_m1": null,
    "P_n1": null,
    "p1_mean": 0.204743,
    "p1_std": 0.106664,
    "collisions": 0
  },
  "ABL#2 no_corrections (Marrakesh)": {
    "shots": 50000,
    "unique": 49989,
    "H_norm": 0.999989,
    "epsilon": -0.00336,
    "W_mean": 0.092152,
    "n_dead": 8,
    "dead_idx": [
      14,
      89,
      93,
      95,
      97,
      113,
      117,
      120
    ],
    "P_m1": null,
    "P_n1": null,
    "p1_mean": 0.092152,
    "p1_std": 0.091391,
    "collisions": 11
  },
  "ABL#7 stabilizer_verif (Torino)": {
    "shots": 50000,
    "unique": 50000,
    "H_norm": 1.0,
    "epsilon": -0.00364,
    "W_mean": 0.353119,
    "n_dead": 0,
    "dead_idx": [],
    "P_m1": null,
    "P_n1": null,
    "p1_mean": 0.353119,
    "p1_std": 0.082863,
    "collisions": 0
  },
  "ABL#7 stabilizer_verif (Marrakesh)": {
    "shots": 50000,
    "unique": 50000,
    "H_norm": 1.0,
    "epsilon": 0.00556,
    "W_mean": 0.326756,
    "n_dead": 1,
    "dead_idx": [
      59
    ],
    "P_m1": null,
    "P_n1": null,
    "p1_mean": 0.326756,
    "p1_std": 0.074119,
    "collisions": 0
  }
}